/*
SQLyog Community v10.51 
MySQL - 5.5.5-10.1.9-MariaDB-log : Database - pde
*********************************************************************
*/

/*!40101 SET NAMES utf8 */;

/*!40101 SET SQL_MODE=''*/;

/*!40014 SET @OLD_UNIQUE_CHECKS=@@UNIQUE_CHECKS, UNIQUE_CHECKS=0 */;
/*!40014 SET @OLD_FOREIGN_KEY_CHECKS=@@FOREIGN_KEY_CHECKS, FOREIGN_KEY_CHECKS=0 */;
/*!40101 SET @OLD_SQL_MODE=@@SQL_MODE, SQL_MODE='NO_AUTO_VALUE_ON_ZERO' */;
/*!40111 SET @OLD_SQL_NOTES=@@SQL_NOTES, SQL_NOTES=0 */;
CREATE DATABASE /*!32312 IF NOT EXISTS*/`pde` /*!40100 DEFAULT CHARACTER SET latin1 */;

USE `pde`;

/*Table structure for table `_instansi` */

DROP TABLE IF EXISTS `_instansi`;

CREATE TABLE `_instansi` (
  `id_ins` char(16) NOT NULL,
  `nm_ins` varchar(64) NOT NULL,
  `almt_ins` varchar(160) DEFAULT NULL,
  `telp_ins` char(16) DEFAULT NULL,
  PRIMARY KEY (`id_ins`)
) ENGINE=InnoDB DEFAULT CHARSET=latin1;

/*Data for the table `_instansi` */

insert  into `_instansi`(`id_ins`,`nm_ins`,`almt_ins`,`telp_ins`) values ('101.00','WALIKOTA KEDIRI','',''),('102.00','WAKIL WALIKOTA KEDIRI','',''),('103.00','SEKRETARIS DAERAH KOTA','kediri',''),('104.00','ASISTEN PEMERINTAHAN & KESRA','',''),('104.01','BAGIAN ADMINISTRASI PEMERINTAHAN UMUM','',''),('104.02','BAGIAN HUBUNGAN MASYARAKAT DAN PROTOKOL','',''),('104.03','BAGIAN ADMINISTRASI KESRA','',''),('105.00','ASISTEN PEREKONOMIAN & PEMBANGUNAN','',''),('105.01','BAGIAN ADMINISTRASI PEMBANGUNAN','',''),('105.02','BAGIAN ADMINISTRASI PEREKONOMIAN','',''),('105.03','BAGIAN PDE',' Jl.Jend.Basuki Rahmad 15 Kediri',''),('106.00','ASISTEN ADMINISTRASI UMUM','',''),('106.01','BAGIAN HUKUM','',''),('106.02','BAGIAN ORGANISASI','',''),('106.03','BAGIAN UMUM','',''),('107.00','SEKRETARIAT DPRD','',''),('108.00','STAF AHLI BIDANG KEMASYARAKATAN DAN SDM','',''),('109.00','STAF AHLI BIDANG PEMERINTAHAN','',''),('110.00','STAF AHLI BIDANG PEMBANGUNAN','',''),('111.00','STAF AHLI BIDANG EKONOMI DAN KEUANGAN','',''),('112.00','STAF AHLI BIDANG HUKUM & POLITIK','',''),('113.00','INSPEKTORAT','',''),('114.00','BADAN PERENCANAAN PEMBANGUNAN DAERAH','',''),('115.00','BADAN KEPEGAWAIAN DAERAH','',''),('116.00','BADAN PEMBERDAYAAN PEREMPUAN DAN KELUARGA BERENCANA','',''),('117.00','BADAN PENANAMAN MODAL','',''),('118.00','DINAS PENDAPATAN, PENGELOLAAN KEUANGAN DAN ASSET','',''),('119.00','DINAS PENDIDIKAN','',''),('120.00','DINAS KESEHATAN','',''),('121.00','DINAS KEBUDAYAAN, PARIWISATA, PEMUDA & OLAHRAGA','',''),('122.00','DINAS PERHUBUNGAN, KOMUNIKASI DAN INFORMATIKA','',''),('123.00','DINAS PERTANIAN','',''),('124.00','DINAS PEKERJAAN UMUM','',''),('125.00','DINAS KEPENDUDUKAN DAN PENCATATAN SIPIL','',''),('126.00','DINAS SOSIAL DAN TENAGA KERJA','',''),('127.00','DINAS KOPERASI, USAHA MIKRO, KECIL DAN MENENGAH','',''),('128.00','DINAS PERINDUSTRIAN, PERDAGANGAN, PERTAMBANGAN DAN ENERGI','',''),('129.00','DINAS TATA RUANG, KEBERSIHAN & PERTAMANAN','',''),('130.00','KANTOR LINGKUNGAN HIDUP','',''),('131.00','KANTOR PERPUSTAKAAN, ARSIP DAN DOKUMENTASI','',''),('132.00','KANTOR PEMBERDAYAAN MASYARAKAT','',''),('133.00','KANTOR KESATUAN BANGSA, POLITIK DAN PERLINDUNGAN MASYARAKAT','',''),('134.00','KANTOR KETAHANAN PANGAN','',''),('135.00','KANTOR SATPOL PP','',''),('136.00','KECAMATAN KOTA','',''),('136.01','KELURAHAN BALOWERTI','',''),('136.02','KELURAHAN BANJARAN','',''),('136.03','KELURAHAN DANDANGAN','',''),('136.04','KELURAHAN JAGALAN','',''),('136.05','KELURAHAN KALIOMBO','',''),('136.06','KELURAHAN KAMPUNGDALEM','',''),('136.07','KELURAHAN KEMASAN','',''),('136.08','KELURAHAN MANISRENGGO','',''),('136.09','KELURAHAN NGADIREJO','',''),('136.10','KELURAHAN NGRONGGO','',''),('136.11','KELURAHAN PAKELAN','',''),('136.12','KELURAHAN POCANAN','',''),('136.13','KELURAHAN REJOMULYO','',''),('136.14','KELURAHAN RINGINANOM','',''),('136.15','KELURAHAN SEMAMPIR','',''),('136.16','KELURAHAN SETONOGEDONG','',''),('136.17','KELURAHAN SETONOPANDE','',''),('137.00','KECAMATAN PESANTREN','',''),('137.01','KELURAHAN BANARAN','',''),('137.02','KELURAHAN BANGSAL','',''),('137.03','KELURAHAN BAWANG','',''),('137.04','KELURAHAN BETET','',''),('137.05','KELURAHAN BLABAK','',''),('137.06','KELURAHAN BURENGAN','',''),('137.07','KELURAHAN JAMSAREN','',''),('137.08','KELURAHAN KETAMI','',''),('137.09','KELURAHAN NGLETIH','',''),('137.10','KELURAHAN PAKUNDEN','',''),('137.11','KELURAHAN PESANTREN','',''),('137.12','KELURAHAN SINGONEGARAN','',''),('137.13','KELURAHAN TEMPUREJO','',''),('137.14','KELURAHAN TINALAN','',''),('137.15','KELURAHAN TOSAREN','',''),('138.00','KECAMATAN MOJOROTO','',''),('138.01','KELURAHAN BANDAR KIDUL','',''),('138.02','KELURAHAN BANDAR LOR','',''),('138.03','KELURAHAN BANJARMLATI','',''),('138.04','KELURAHAN BUJEL','',''),('138.05','KELURAHAN CAMPUREJO','',''),('138.06','KELURAHAN DERMO','',''),('138.07','KELURAHAN GAYAM','',''),('138.08','KELURAHAN LIRBOYO','',''),('138.09','KELURAHAN MOJOROTO','',''),('138.10','KELURAHAN MRICAN','',''),('138.11','KELURAHAN NGAMPEL','',''),('138.12','KELURAHAN POJOK','',''),('138.13','KELURAHAN SUKORAME','',''),('138.14','KELURAHAN TAMANAN','',''),('139.00','RSUD GAMBIRAN','',''),('140.00','PD. BANK PERKREDITAN RAKYAT','',''),('141.00','PERUSAHAAN DAERAH AIR MINUM','',''),('142.00','KANTOR PELAYANAN PERIZINAN','','');

/*Table structure for table `tb_instansi` */

DROP TABLE IF EXISTS `tb_instansi`;

CREATE TABLE `tb_instansi` (
  `id_ins` int(3) NOT NULL,
  `nm_ins` varchar(160) NOT NULL,
  `almt_ins` varchar(255) NOT NULL,
  `telp_ins` char(32) NOT NULL,
  PRIMARY KEY (`id_ins`)
) ENGINE=InnoDB DEFAULT CHARSET=latin1;

/*Data for the table `tb_instansi` */

insert  into `tb_instansi`(`id_ins`,`nm_ins`,`almt_ins`,`telp_ins`) values (1,'Dinas Sosial dan Tenaga Kerja','Jl.PK Bangsa No.114','683626'),(2,'Dinas Kesehatan','Jl.Kartini No.7','682001'),(3,'Dinas Pendidikan','Jl.Mayor Bismo No.10-12','0'),(4,'Dinas Perindustrian, Perdagangan dan Pertambangan ','Jl Penanggungan 7','771908'),(5,'Dinas Pendapatan, Pengelolaan Keuangan Daerah dan Asset','Jl.PK Bangsa No.97','687127'),(6,'Dinas Perhubungan, Komunikasi dan Informatika','Jl. Semeru 55','773795'),(7,'Dinas Pertanian','Jl.Brigjend Pol.Imam Bachri 98A','685184'),(8,'Dinas Pekerjaan Umum','Jl.Brigjend Pol.Imam Bachri 100A','686949'),(9,'Dinas Tata Ruang, Kebersihan dan Pertamanan','Jl. Mayor Bismo No.4','682336'),(10,'Dinas Koperasi, Usaha Mikro, Kecil Dan Menengah','Jl. Brigjen Pol. Imam Bachri 100 C','688107'),(11,'Dinas Kebudayaan, Pariwisata, Kepemudaan dan Olahraga','Jl. KPD Slamet 33','773157'),(12,'Dinas Kependudukan Dan Catatan Sipil','Jl. Supersemar 112','779250'),(13,'Kantor Lingkungan Hidup','Jl. Veteran No. 8','775937'),(14,'Kantor Perpustakaan, Arsip dan Dokumentasi','Jl. Diponegoro No. 9','682638'),(15,'Kantor Satuan Polisi Pamong Praja','Jl. Jend Basuki Rahmad 15','682955'),(16,'Kantor Kesatuan Bangsa dan Perlindungan Masyarakat','Jl. Jaksa Agung Suprapto 30','771774'),(17,'Kantor Pemberdayaan Masyarakat Kelurahan','Jl. Penanggungan 47','774344'),(18,'Badan Penanaman Modal','Jl. Jend Basuki Rahmad 15','682345'),(19,'Kantor Ketahanan Pangan','Jl. Brigjend Pol. Imam Bachri 100 B','692156'),(20,'Komite Pemilihan Umum','Jl. Jaksa Agung Suprapto','0'),(21,'Sekretaris DPRD','Jl. Mayor Bismo No. 21','683522'),(22,'Badan Pemberdaya Perempuan dan KB','Jl. Mayor Bismo No. 17','680086'),(23,'Badan Perencanaan Pembangunan Daerah(BAPEDA)','Jl. Jend Basuki Rahmad 15','682475'),(24,'Badan Kepegawaian Daerah','Jl. Himalaya No. 4','774041'),(25,'Inspektur Kota','Jl. Sekartaji No. 10','687305'),(26,'Kecamatan Kota','Jl. Jend. A. Yani No. 6','689215'),(27,'Keacamatan Pesantren','Jl. Brigjen Pol. Imam Bahri No. 98','683897'),(28,'Kecamatan Mojoroto','Jl. KPD Slamet No. 29','773310'),(29,'Rumah Sakit Umum Daerah Gambiran','Jl. KH. Wakhid Hasyim 64','773085'),(30,'Perusahaan Daerah Air Minum (PDAM)','Jl. Jend. A. Yani No. 2','0'),(31,'Perusahaan Daerah Bank Perkreditan Rakyat (PD. BPR','Jl. Airlangga 3','699948'),(32,'Bagian PDE','Jl. Jend Basuki Rahmad 15','682955'),(33,'Bagian Hukum','Jl. Jend Basuki Rahmad 15','682955'),(34,'Bagian Pembangunan','Jl. Jend Basuki Rahmad 15','682955'),(35,'Bagian Pemerintahan','Jl. Jend Basuki Rahmad 15','682955'),(36,'Bagian Organisasi','Jl. Jend Basuki Rahmad 15','682955'),(37,'Bagian Umum','Jl. Jend Basuki Rahmad 15','682955'),(38,'Bagian Kesra','Jl. Jend Basuki Rahmad 15','682955'),(39,'Bagian Humas & Protokol','Jl. Jend Basuki Rahmad 15','682955'),(40,'Ajudan Walikota','Jl. Jend Basuki Rahmad 15','682955'),(41,'Ajudan Wakil Walikota','Jl. Jend Basuki Rahmad 15','682955'),(42,'Ajudan Sekkota dan Asisten','Jl. Jend Basuki Rahmad 15','682955'),(43,'Assisten Administrasi Pemerintahan dan Kesra','Jl. Jend Basuki Rahmad 15','682955'),(44,'Assisten Administrasi Pembangunan','Jl. Jend Basuki Rahmad 15','682955'),(45,'Assisten Administrasi Umum','Jl. Jend Basuki Rahmad 15','682955'),(46,'Bidang Pemerintahan','Jl. Jend Basuki Rahmad 15','0'),(47,'Bidang Kemasyarakatan & SDM','Jl. Jend. Basuki Rahmad 15','0'),(48,'Bidang Keuangan & Ekonomi','Jl. Jend. Basuki Rahmad 15','0'),(49,'Bidang Politik & Hukum','Jl. Jend. Basuki Rahmad 15','0'),(50,'Bidang Pembangunan','Jl. Jend. Basuki Rahmad 15','0'),(51,'SMP 1','Jl. Diponegoro No. 26','682230'),(52,'SMP 2','Jl. Padang Padi No. 18 Kaliombo','682240'),(53,'SMP 3','Jl. Joyoboyo No. 84','682260'),(54,'SMP 4','Jl. Penanggungan No. 2','771759'),(55,'SMP 5','Jl. Raya Kreco Jamsaren','682280'),(56,'SMP 6','Ds. Gayam - Mojoroto','772110'),(57,'SMP 7','Jl. Ngasinan No. 54 - Rejomulyo','685061'),(58,'SMP 8','Jl. Penanggungan No. 2','771760'),(59,'SMU 1','Jl. Veteran No. 1','771829'),(60,'SMU 2','Jl. Veteran No. 7','771121'),(61,'SMU 3','Jl. Mauni No. 7','683809'),(62,'SMU 4','Jl. Sersan Suharmaji Gg. V No. 52','688864'),(63,'SMU 5','Jl. Selomangkleng No. 2','771074'),(64,'SMU 6','Jl. Ngasinan No. 52 - Rejomulyo','688574'),(65,'SMU 7','Jl. Penanggungan No. 4','771171'),(66,'SMU 8','Jl. PK. Bangsa No. 77','687151'),(67,'SMK 1','Jl. Veteran No. 9','772271'),(68,'SMK 2','Jl. Veteran No. 5','773486'),(69,'SMK 3','Jl. Hasanudin No. 10','682261'),(70,'Kelurahan Ngletih','-','0.000000'),(71,'Kelurahan Blabak','-','0.000000'),(72,'Kelurahan Bawang','-','0.000000'),(73,'Kelurahan Betet','-','0.000000'),(74,'Kelurahan Tosaren','-','0.000000'),(75,'Kelurahan Banaran','-','0.000000'),(76,'Kelurahan Tempurejo','-','0.000000'),(77,'Kelurahan Ketami','-','0.000000'),(78,'Kelurahan Pesantren','-','0.000000'),(79,'Kelurahan Bangsal','-','0.000000'),(80,'Kelurahan Burengan','-','0.000000'),(81,'Kelurahan Tinalan','-','0.000000'),(82,'Kelurahan Pakunden','-','0.000000'),(83,'Kelurahan Singonegaran','-','0.000000'),(84,'Kelurahan Jamsaren','-','0.000000'),(85,'Kelurahan Manisrenggo','-','0.000000'),(86,'Kelurahan Rejomulyo','-','0.000000'),(87,'Kelurahan Ngronggo','-','0.000000'),(88,'Kelurahan Kaliombo','-','0.000000'),(89,'Kelurahan Kampungdalem','-','0.000000'),(90,'Kelurahan Setonopande','-','0.000000'),(91,'Kelurahan Ringinanom','-','0.000000'),(92,'Kelurahan Pakelan','-','0.000000'),(93,'Kelurahan Setonogedong','-','0.000000'),(94,'Kelurahan Kemasan','-','0.000000'),(95,'Kelurahan Jagalan','-','0.000000'),(96,'Kelurahan Banjaran','-','0.000000'),(97,'Kelurahan Ngadirejo','-','0.000000'),(98,'Kelurahan Dandangan','-','0.000000'),(99,'Kelurahan Balowerti','-','0.000000'),(100,'Kelurahan Pocanan','-','0.000000'),(101,'Kelurahan Semampir','-','0.000000'),(102,'Kelurahan Pojok','-','0.000000'),(103,'Kelurahan Campurejo','-','0.000000'),(104,'Kelurahan Tamanan','-','0.000000'),(105,'Kelurahan Banjarmlati','-','0.000000'),(106,'Kelurahan Bandar Kidul','-','0.000000'),(107,'Kelurahan Lirboyo','-','0.000000'),(108,'Kelurahan Bandar Lor','-','0.000000'),(109,'Kelurahan Mojoroto','-','0.000000'),(110,'Kelurahan Sukorame','-','0.000000'),(111,'Kelurahan Bujel','-','0.000000'),(112,'Kelurahan Ngampel','-','0.000000'),(113,'Kelurahan Gayam','-','0.000000'),(114,'Kelurahan Mrican','-','0.000000'),(115,'Kelurahan Dermo','-','0.000000'),(116,'Badan Penanggulangan Bencana Daerah','Jalan Brigjend Pol. IBH Pranoto No.101, Pesantren','2890146'),(117,'Unit Layanan Pengadaan','Jln Basuki Rahmat no.15','-');

/*Table structure for table `tb_level` */

DROP TABLE IF EXISTS `tb_level`;

CREATE TABLE `tb_level` (
  `id_level` int(11) NOT NULL,
  `nm_level` varchar(100) NOT NULL,
  PRIMARY KEY (`id_level`)
) ENGINE=InnoDB DEFAULT CHARSET=latin1;

/*Data for the table `tb_level` */

insert  into `tb_level`(`id_level`,`nm_level`) values (1,'admin'),(2,'pimpinan'),(3,'teknisi'),(4,'rekanan');

/*Table structure for table `tb_masalah` */

DROP TABLE IF EXISTS `tb_masalah`;

CREATE TABLE `tb_masalah` (
  `id_masalah` int(11) NOT NULL AUTO_INCREMENT,
  `tgl_lapor` datetime NOT NULL,
  `id_ins` int(3) NOT NULL,
  `nama_pelapor` varchar(32) NOT NULL,
  `keterangan` text NOT NULL,
  `id_status` int(1) NOT NULL,
  `tgl_fix` datetime DEFAULT NULL,
  `penerima` int(3) NOT NULL,
  `media` varchar(160) DEFAULT NULL,
  PRIMARY KEY (`id_masalah`),
  KEY `FK_tb_masalahusr` (`penerima`),
  KEY `FK_tb_masalahst` (`id_status`),
  KEY `FK_tb_masalah` (`id_ins`),
  CONSTRAINT `FK_tb_masalah` FOREIGN KEY (`id_ins`) REFERENCES `tb_instansi` (`id_ins`) ON DELETE NO ACTION ON UPDATE CASCADE,
  CONSTRAINT `FK_tb_masalahst` FOREIGN KEY (`id_status`) REFERENCES `tb_status` (`id_status`) ON DELETE NO ACTION ON UPDATE CASCADE,
  CONSTRAINT `FK_tb_masalahusr` FOREIGN KEY (`penerima`) REFERENCES `tb_user` (`id`) ON DELETE NO ACTION ON UPDATE CASCADE
) ENGINE=InnoDB AUTO_INCREMENT=216 DEFAULT CHARSET=latin1;

/*Data for the table `tb_masalah` */

insert  into `tb_masalah`(`id_masalah`,`tgl_lapor`,`id_ins`,`nama_pelapor`,`keterangan`,`id_status`,`tgl_fix`,`penerima`,`media`) values (3,'2016-01-04 08:07:41',3,'JUNAIDI','simda tidak bisa dijalankan',5,'2016-01-06 08:45:49',1,NULL),(4,'2016-01-05 09:08:50',6,'ISWANDI','simda tidak jalan',5,'2016-01-05 08:45:49',1,NULL),(5,'2016-01-05 08:39:43',2,'ENDRO','Simda tidak jalan',5,'2016-01-05 10:13:21',1,NULL),(6,'2016-01-05 10:11:37',10,'Doni','tidak bisa ping',5,'2016-01-14 10:17:58',1,NULL),(7,'2016-01-05 08:42:14',85,'ANA','simda tidak bisa',5,'2016-01-14 10:19:03',1,NULL),(8,'2016-01-08 10:23:19',108,'Dani','simda putus nyambung',5,'2016-01-14 10:25:46',1,NULL),(9,'2016-01-11 10:29:59',21,'Agus','simda tidak jalan',5,'2016-01-14 10:34:47',1,NULL),(10,'2016-01-12 10:35:37',73,'Hervin','Simda tidak bisa',5,'2016-01-14 10:36:22',1,NULL),(11,'2016-01-12 10:36:56',114,'Jimy','simda tidak bisa',5,'2016-01-14 10:40:06',10,NULL),(12,'2016-01-13 10:40:47',12,'Andri','relay mati',5,'2016-01-14 10:52:30',10,NULL),(13,'2016-01-14 10:52:56',76,'Dendy','simda tidak bisa',5,'2016-01-14 12:08:38',10,NULL),(14,'2016-01-15 12:07:41',3,'Junaidi','simda tidak bisa',5,'2016-01-15 12:11:52',10,NULL),(15,'2016-01-21 08:34:12',91,'-','Simda error',5,'2016-01-22 11:45:47',10,NULL),(16,'2016-01-21 10:40:54',113,'Devy','Simda tidak konek',5,'2016-01-22 11:45:51',10,NULL),(17,'2016-01-21 13:42:12',13,'-','Switch Rusak',5,'2016-01-22 11:45:54',10,NULL),(20,'2016-01-26 09:05:56',29,'Rida','simda tidak bisa',5,'2016-01-26 15:17:20',10,NULL),(22,'2016-01-26 15:16:09',8,'Ridwan','simda tidak bisa',5,'2016-01-26 15:19:12',10,NULL),(23,'2016-01-27 13:03:51',98,'suparno','simda putus nyambung',5,'2016-01-27 13:05:31',10,NULL),(24,'2016-01-28 13:28:40',37,'Bilowo','kabel rusak',5,'2016-01-28 13:28:59',10,NULL),(25,'2016-01-29 09:53:23',4,'Sunarti','lampu indikator poe tidak menyala',5,'2016-01-29 09:55:17',10,NULL),(26,'2016-02-01 08:00:20',3,'Junaidi','Simda tidak jalan',5,'2016-02-01 08:07:01',10,NULL),(27,'2016-02-01 08:07:52',56,'Siti','Relay kota roboh',5,'2016-02-01 09:08:38',10,NULL),(28,'2016-02-01 08:12:45',80,'Zainudin','Relay kota roboh',5,'2016-02-01 08:13:19',10,NULL),(29,'2016-02-01 08:14:26',84,'zaki','Relay kota roboh',5,'2016-02-01 10:14:52',10,NULL),(30,'2016-02-02 08:16:58',85,'abdulloh','Relay kota roboh',5,'2016-02-02 08:20:12',10,NULL),(31,'2016-02-02 08:22:18',79,'suharito','Relay kota roboh',5,'2016-02-04 08:24:34',10,NULL),(32,'2016-02-02 08:28:05',81,'Aris','Relay kota roboh',5,'2016-02-04 08:28:58',10,NULL),(33,'2016-02-02 08:30:47',78,'Ali','Relay kota roboh',5,'2016-02-04 08:31:36',10,NULL),(34,'2016-02-02 08:33:24',95,'Anik','Relay kota roboh',5,'2016-02-04 08:34:05',10,NULL),(35,'2016-02-02 08:45:25',83,'Agus','Relay kota roboh',5,'2016-02-04 09:52:48',10,NULL),(36,'2016-02-02 09:55:08',75,'Wijayanto','Relay kota roboh\r\n',5,'2016-02-04 09:55:56',10,NULL),(37,'2016-02-03 09:57:32',35,'Beny','Internet tidak bisa',5,'2016-02-04 09:58:28',1,NULL),(38,'2016-02-03 10:00:51',90,'Hari','Relay kota roboh\r\n',5,'2016-02-04 10:01:22',1,NULL),(39,'2016-02-03 10:01:59',97,'Herman','Relay kota roboh',5,'2016-02-04 10:02:50',1,NULL),(40,'2016-02-03 10:03:20',96,'Dimas','Relay kota roboh\r\n',5,'2016-02-04 10:04:05',1,NULL),(41,'2016-02-04 14:29:15',5,'RISKI','RE-POINTING',5,'2016-02-04 17:14:40',1,NULL),(42,'2016-02-05 10:03:57',5,'riski','-',5,'2016-02-05 12:07:54',1,NULL),(44,'2016-02-07 09:13:30',5,'Riski','koneksi lemot',5,'2016-02-07 11:15:54',1,NULL),(45,'2016-02-09 08:35:49',84,'Lukman','ip belum ter-register',5,'2016-02-10 08:37:22',1,NULL),(46,'2016-02-09 08:39:07',3,'bramita','membuat jalur baru lan',5,'2016-02-10 08:40:31',1,NULL),(47,'2016-02-11 12:03:33',65,'Jabal (085748850800)','POE rusak',5,'2016-02-11 12:03:40',1,NULL),(51,'2016-02-12 10:55:18',4,'dian','koneksi error',5,'2016-02-15 14:05:12',1,NULL),(52,'2016-02-11 08:47:48',76,'Mukhsin','Jaringan SIMDA mati',5,'2016-02-12 12:06:03',1,NULL),(53,'2016-02-15 11:13:45',36,'Sopan T.','Wifi bermasalah',5,'2016-02-15 14:04:12',1,NULL),(54,'2016-02-15 11:14:41',34,'Edo Aryo','Wifi bermasalah',5,'2016-02-15 14:04:16',1,NULL),(55,'2016-02-15 14:05:43',89,'Bagus','Simda tidak bisa',5,'2016-02-16 15:31:21',1,NULL),(56,'2016-02-16 10:22:36',38,'M. Huda','Jaringan SIMDA error',5,'2016-02-16 10:27:53',1,NULL),(57,'2016-02-16 12:05:24',4,'Yetti Sisworini','Switch mati',5,'2016-02-16 15:31:25',1,NULL),(58,'2016-02-17 08:27:57',105,'M. Muri','Jaringan SIMDA terganggu',5,'2016-02-18 09:06:59',1,NULL),(59,'2016-02-18 12:17:07',60,'Sumarno','Simda error',5,'2016-02-18 12:21:35',10,NULL),(61,'2016-02-18 09:44:21',64,'Rifai','Jaringan tidak konek',5,'2016-02-22 14:53:02',10,NULL),(62,'2016-02-22 14:52:56',88,'Yudi','poe rusak',5,'2016-02-22 14:53:06',1,NULL),(63,'2016-02-23 09:58:38',65,'Jafar','Simda tidak bisa konek',5,'2016-02-23 12:53:33',1,NULL),(64,'2016-02-23 09:59:06',112,'Zen','Simda sulit konek',5,'2016-02-24 15:27:27',1,NULL),(65,'2016-02-23 12:50:30',104,'Eko','simda mati\r\n',5,'2016-02-23 12:52:26',1,NULL),(66,'2016-02-23 13:47:46',33,'Ninik Retno T','Memecah jaringan internet',5,'2016-02-23 14:37:09',1,NULL),(67,'2016-02-24 09:02:59',60,'Sumarno','Jaringan SIMDA error',5,'2016-02-24 15:27:20',1,NULL),(68,'2016-02-24 14:09:03',95,'Yustiono/Arif','Cek Switch Dan Penambahan Sambungan PC',5,'2016-02-24 15:26:21',1,NULL),(69,'2016-02-29 09:04:43',72,'Endang','SIMDA tidak conect',5,'2016-02-29 14:21:43',1,NULL),(70,'2016-02-29 14:02:31',24,'Sofwan Hadi','Setting SIMDA',5,'2016-02-29 14:21:48',1,NULL),(71,'2016-03-01 10:11:04',84,'Edi','POE tidak nyala',5,'2016-03-07 09:24:54',1,NULL),(72,'2016-03-03 07:52:38',36,'Arif MD','Penambahan sambungan',5,'2016-03-07 09:29:34',1,NULL),(73,'2016-03-03 08:48:03',88,'Yudi','Poe dan adaptor rusak ',5,'2016-03-07 09:29:31',1,NULL),(74,'2016-03-05 09:24:40',5,'riski','simda sering putus',5,'2016-03-07 09:29:26',1,NULL),(75,'2016-03-07 12:34:46',72,'Winarni','Simda tidak konek',5,'2016-03-07 14:44:51',1,NULL),(76,'2016-03-07 12:35:38',60,'Sumarno','Simda tidak konek',5,'2016-03-07 14:44:55',1,NULL),(77,'2016-03-08 11:26:49',18,'Mulia','BPM Simda tidak konek',5,'2016-03-08 11:33:02',1,NULL),(78,'2016-03-08 11:27:57',38,'Duta Tugas Utama','Jaringan wifi tidak konek',5,'2016-03-08 11:32:55',1,NULL),(79,'2016-03-10 10:40:41',72,'Endang WA','Simda tidak konek',5,'2016-03-10 10:45:04',1,NULL),(80,'2016-03-10 10:41:44',15,'Nomo','Simda tidak konek',5,'2016-03-10 10:45:10',1,NULL),(81,'2016-03-11 10:35:56',84,'Edy Sulis','Simda tidak konek',5,'2016-03-14 09:32:28',1,NULL),(82,'2016-03-14 08:08:03',73,'Idha Dwi Uttari','Simda tidak konek',5,'2016-03-15 08:16:00',1,NULL),(83,'2016-03-14 08:09:45',68,'Ulil Muamar','Simda tidak konek',5,'2016-03-15 08:15:54',1,NULL),(84,'2016-03-15 09:33:06',38,'Baihaki','Internet sering mati',5,'2016-03-15 09:34:20',1,NULL),(85,'2016-03-16 07:56:59',35,'Subagio','Sambungan kabel dan install simda',5,'2016-03-16 08:12:32',1,NULL),(87,'2016-03-17 10:28:56',11,'Supriyaningsasi','Signal terganggu',5,'2016-03-18 13:27:07',1,NULL),(88,'2016-03-18 10:32:35',62,'Heru','Simda tidak konek',5,'2016-03-18 13:27:01',1,NULL),(89,'2016-03-18 10:34:05',15,'Agus','Simda tidak konek',5,'2016-03-18 13:26:54',1,NULL),(92,'2016-03-11 10:40:16',41,'Ahmad Wiroi','Membagi jaringan',5,'2016-03-18 13:27:19',1,NULL),(93,'2016-03-22 08:12:28',15,'Nomo S','Simda tidak konek',5,'2016-03-22 08:16:27',1,NULL),(94,'2016-03-23 08:21:08',5,'Yohanes Christianus','Switch rusak',5,'2016-03-23 11:24:14',1,NULL),(95,'2016-03-23 08:15:50',82,'Ahmad','Intranet mati',5,'2016-03-28 14:12:11',1,NULL),(96,'2016-03-23 08:14:03',12,'Dian A','Adaptor mati',5,'2016-03-23 11:24:32',1,NULL),(97,'2016-03-23 08:15:34',83,'Agus Sudono','Intranet mati',5,'2016-03-23 11:24:24',1,NULL),(98,'2016-03-22 08:18:34',24,'Purwanto','Setting ',5,'2016-03-23 11:24:40',1,NULL),(99,'2016-03-23 14:30:27',111,'Panut','Signal putus-putus',5,'2016-03-28 14:45:22',1,NULL),(100,'2016-03-23 14:31:42',113,'Devy Pratomo Yudho','Signal putus-putus',5,'2016-03-28 14:45:28',1,NULL),(101,'2016-03-23 14:32:23',115,'Andi Bagus Rahmat','Signal putus-putus',5,'2016-03-28 14:45:35',1,NULL),(102,'2016-03-28 14:33:58',28,'Dwi Hardiantoro','Signal putus-putus',5,'2016-03-28 14:45:42',1,NULL),(103,'2016-03-28 14:36:36',62,'Neni','Internet mati',5,'2016-03-28 14:45:47',1,NULL),(105,'2016-03-29 12:25:01',79,'Sugeng','Minta tambah jaringan Simda',5,'2016-03-31 08:19:59',1,NULL),(106,'2016-03-29 12:24:47',77,'Kamil','Jaringan Simda putus-putus',5,'2016-03-31 08:20:08',1,NULL),(107,'2016-03-29 08:14:01',115,'Eko Widodo','Signal putus-putus',5,'2016-03-31 08:20:15',1,NULL),(108,'2016-04-04 12:16:16',77,'Kamil','Simda error lagi',5,'2016-04-06 15:04:16',1,NULL),(109,'2016-04-01 09:19:22',21,'Agus','Simda error',5,'2016-04-04 13:23:15',1,NULL),(110,'2016-04-08 12:58:14',32,'PDE','AP Utara mati (cz petir)',5,'2016-04-13 12:04:03',1,NULL),(111,'2016-04-07 08:13:43',37,'-','Simda tidak jalan',5,'2016-04-07 10:20:23',1,NULL),(112,'2016-04-08 11:09:10',21,'Agus','Simda mati',5,'2016-04-11 11:41:46',1,NULL),(113,'2016-04-07 10:01:22',114,'Jimy','Simda mati',5,'2016-04-07 13:32:37',1,NULL),(114,'2016-04-08 12:58:36',4,'Indah','Simda tidak konek (cz petir)',5,'2016-04-11 16:54:34',1,NULL),(115,'2016-04-08 12:45:10',101,'Hesti','Relay AP utara terkena petir',5,'2016-04-08 12:51:20',1,NULL),(116,'2016-04-08 12:11:20',112,'-','Simda tidak connnect',5,'2016-04-08 12:57:49',1,NULL),(117,'2016-04-11 08:57:27',112,'zen','jaringan simda tidak dapat digunakan',5,'2016-04-11 12:00:27',1,NULL),(118,'2016-04-11 09:41:59',15,'Nomo S','simda tidak konek',5,'2016-04-13 12:38:29',1,NULL),(119,'2016-04-11 09:43:08',36,'Arif','Internet Tidak Konek',5,'2016-04-13 12:04:14',1,NULL),(120,'2016-04-13 07:57:31',102,'Amin','Simda tidak bisa',5,'2016-04-13 12:38:44',1,NULL),(121,'2016-04-13 07:53:40',75,'Subekti','Simda tidak bisa conect (cz petir)',5,'2016-04-13 12:38:36',1,NULL),(122,'2016-04-13 07:52:15',48,'-','Jaringan lemot',5,'2016-04-14 12:10:59',1,NULL),(123,'2016-04-13 07:52:01',37,'-','Simda tidak bisa',5,'2016-04-14 12:10:53',1,NULL),(124,'2016-04-13 07:50:45',22,'-','Simda tidak conect',5,'2016-04-14 12:10:45',1,NULL),(125,'2016-04-13 09:16:42',9,'-','Simda tidak conect',5,'2016-04-14 12:10:38',1,NULL),(126,'2016-04-13 12:16:17',18,'mulia','Simda error',5,'2016-04-13 12:38:50',1,NULL),(127,'2016-04-15 11:30:57',112,'Zen','Masalah jaringan simda',5,'2016-04-20 08:18:37',1,NULL),(128,'2016-04-14 14:02:55',97,'-','Simda tidak connect',5,'2016-04-15 11:30:50',1,NULL),(129,'2016-04-18 08:09:01',116,'Fajar','simda error',5,'2016-04-18 09:38:45',1,NULL),(130,'2016-04-21 14:53:37',38,'duta','wifi lemot',5,'2016-04-22 09:51:27',1,NULL),(131,'2016-04-26 09:12:04',23,'-','menambah kabel',5,'2016-04-26 14:44:45',1,NULL),(132,'2016-04-28 08:50:42',117,'-','Pembenahan Jaringan Internet',5,'2016-04-29 07:59:01',1,NULL),(133,'2016-05-02 11:00:29',76,'-','jaringan bermasalah',5,'2016-05-03 12:18:38',1,NULL),(134,'2016-05-02 11:43:10',14,'-','jaringan tidak konek',5,'2016-05-04 10:19:40',1,NULL),(135,'2016-05-03 12:16:56',62,'Neni','simda tidak bisa',5,'2016-05-03 12:18:43',1,NULL),(136,'2016-05-10 12:50:58',55,'awang','simda sering putus nyambung',5,'2016-05-10 12:54:14',1,NULL),(137,'2016-05-10 12:51:57',61,'Mita','Simda putus nyambung',5,'2016-05-10 12:54:18',1,NULL),(138,'2016-05-11 09:13:14',77,'Kamil','Simda Tidak Konek',5,'2016-05-13 08:40:19',1,NULL),(139,'2016-05-11 09:13:58',76,'Mukhsin','Simda Tidak Konek',5,'2016-05-13 08:40:01',1,NULL),(140,'2016-05-11 12:58:03',104,'eko','simda tidak bisa',5,'2016-05-23 10:13:51',1,NULL),(141,'2016-05-12 09:04:39',36,'Arif','Internet tidak bisa',5,'2016-05-12 09:09:26',1,NULL),(142,'2016-05-12 09:12:48',105,'M. Muri','simda tidak bisa konek',5,'2016-05-23 10:13:57',1,NULL),(143,'2016-05-18 10:22:45',115,'andi','koneksi simda terputus / abis dipanjat dispenda',5,'2016-05-23 10:14:04',1,NULL),(144,'2016-05-23 04:40:53',15,'Agus','jaringan tidak konek',5,'2016-05-23 10:13:34',1,NULL),(145,'2016-05-20 04:40:35',10,'Eni','simda tidak konek',5,'2016-05-23 10:14:13',1,NULL),(146,'2016-05-19 09:45:10',116,'indun','simda tidak bisa',5,'2016-05-23 10:13:46',1,NULL),(147,'2016-05-20 09:46:14',41,'umi habibah','tambah kabel internet',5,'2016-05-23 10:13:40',1,NULL),(148,'2016-05-23 10:20:57',77,'Kamil','Simda tidak konek',5,'2016-05-25 13:57:12',1,NULL),(149,'2016-05-25 08:43:51',37,'Rur','simda tidak bisa',5,'2016-05-25 14:40:06',1,NULL),(151,'2016-05-23 14:37:36',89,'Ibad','Simda tidak konek',5,'2016-05-25 14:40:13',1,NULL),(152,'2016-05-30 14:35:15',75,'subekti','simda tidak konek',5,'2016-06-01 14:35:38',1,'Call center'),(153,'2016-05-30 14:35:51',29,'bu dita','simda tidak bisa',5,'2016-06-02 08:43:54',1,NULL),(154,'2016-05-31 11:22:14',97,'-','switch rusak',5,'2016-06-01 14:35:45',1,'Surat'),(155,'2016-06-01 08:20:18',32,'pk eko','jaringan intranet mati karena masalah listrik',5,'2016-06-01 14:35:51',1,'Lainnya: langsung'),(156,'2016-06-01 10:30:54',115,'-','simda tidak bisa dari tgl 20 mei',5,'2016-06-02 08:13:21',1,'Surat'),(157,'2016-06-01 14:30:30',36,'arif','komputer tidak bisa konek jaringan',5,'2016-06-01 14:35:57',1,'Lainnya: pk eko'),(158,'2016-06-01 14:31:35',39,'seta','jaringan protokol terputus',5,'2016-06-02 12:55:37',1,'Lainnya: pk gadang'),(160,'2016-06-02 13:00:59',97,'-','switch rusak',5,'2016-06-02 13:04:50',1,'Telepon'),(161,'2016-06-02 13:01:23',99,'-','simda tidak bisa',5,'2016-06-14 09:18:15',1,'Call center'),(162,'2016-06-02 13:01:56',64,'-','simda tidak konek',5,'2016-06-02 13:04:58',1,'Call center'),(163,'2016-06-06 09:40:26',21,'ibad','Simda tidak konek',5,'2016-06-09 08:48:47',1,'Telepon'),(165,'2016-06-14 08:45:21',35,'Eko','Jaringan bermasalah',5,'2016-06-14 09:17:57',1,'Telepon'),(166,'2016-06-13 09:08:11',38,'Moh. Huda','Jaringan tidak konek',5,'2016-06-14 09:18:23',1,'Telepon'),(167,'2016-06-13 09:09:09',83,'Nanang Broto','Simda tidak konek',5,'2016-06-14 09:18:07',1,'Call center'),(168,'2016-06-15 12:24:44',7,'Lutfi','Simda tidak konek',5,'2016-06-15 12:32:56',1,'Call center'),(169,'2016-06-15 12:26:06',116,'Indun Munawaroh','Simda tidak konek',5,'2016-06-15 12:33:04',1,'Call center'),(170,'2016-06-15 12:26:55',1,'Sulaiman','Simda tidak konek',5,'2016-06-15 12:32:48',1,'Call center'),(171,'2016-06-15 12:27:40',112,'Adi Priyanto','Simda tidak konek',5,'2016-06-15 12:32:41',1,'Call center'),(172,'2016-06-16 10:26:14',14,'-','jaringan tidak konek',5,'2016-06-17 08:45:04',1,'Lainnya: pk eko'),(173,'2016-06-16 10:26:48',100,'-','simda error',5,'2016-06-17 08:45:14',1,'Telepon'),(174,'2016-06-16 10:54:43',1,'sulaiman','jaringan putus-putus',5,'2016-06-17 08:45:21',1,'Telepon'),(175,'2016-06-16 12:12:12',77,'-','simda eror',5,'2016-06-17 08:45:28',1,'Call center'),(176,'2016-06-16 12:12:55',5,'danang','simda lemot',5,'2016-06-17 08:45:37',1,'Call center'),(177,'2016-06-16 12:13:30',99,'-','simda eror',5,'2016-06-17 08:45:43',1,'Call center'),(178,'2016-06-21 10:23:15',72,'-','simda tidak bisa',5,'2016-06-24 11:16:34',1,'Call center'),(179,'2016-06-21 10:23:49',76,'-','simda tidak bisa',5,'2016-06-24 11:16:30',1,'Call center'),(180,'2016-06-21 10:24:20',12,'-','simda tidak bisa',5,'2016-06-24 12:51:38',1,'Call center'),(181,'2016-06-21 12:47:07',62,'-','simda tidak konek',5,'2016-06-24 11:16:26',1,'Call center'),(182,'2016-06-24 11:02:32',113,'-','simda lemot',5,'2016-06-24 11:16:21',1,'Telepon'),(183,'2016-06-24 11:03:03',75,'-','jaringan tidak bisa konek',5,'2016-07-15 10:43:46',1,'Call center'),(184,'2016-06-24 11:17:45',17,'eniyanti','simda tidak bisa',5,'2016-06-24 11:30:25',1,'Lainnya: novi'),(185,'2016-06-24 11:18:06',107,'-','simda tidak bisa',5,'2016-07-15 10:43:38',1,'Telepon'),(186,'2016-06-24 13:54:59',52,'AA. Nafi','Simda tidak konek',5,'2016-06-24 13:59:52',1,'Call center'),(187,'2016-06-24 13:55:59',74,'Aris W','Simda tidak konek',5,'2016-06-24 13:59:35',1,'Call center'),(188,'2016-06-27 10:27:35',101,'-','simda tidak bisa',5,'2016-06-27 14:21:49',1,'Call center'),(189,'2016-06-27 14:16:04',10,'Doni','Simda tidak konek',5,'2016-07-12 10:56:57',1,'Telepon'),(190,'2016-07-12 10:56:43',74,'Aris','simda tidak bisa',5,'2016-07-15 10:43:30',1,'Telepon'),(191,'2016-07-12 11:51:55',83,'Sri','internet gak bisa',5,'2016-07-15 10:43:23',1,'Call center'),(192,'2016-07-14 08:57:29',116,'-','Simda tidak bisa',5,'2016-07-15 10:43:11',1,'Call center'),(193,'2016-07-14 08:58:32',115,'K.kel dermo','Jaringan intranet tidak bisa',5,'2016-07-15 10:43:03',1,'Surat'),(194,'2016-07-25 10:49:01',97,'danang','simda tidak bisa konek',5,'2016-07-26 12:41:04',1,'Telepon'),(195,'2016-07-25 10:50:12',57,'-','simda tidak bisa konek',5,'2016-07-26 12:40:57',1,'Call center'),(196,'2016-07-26 10:50:48',3,'-','simda tidak bisa konek',5,'2016-07-26 12:40:37',1,'Call center'),(197,'2016-07-28 10:16:39',76,'-','simda tidak bisa',5,'2016-08-02 09:11:06',1,'SMS [sidiq]'),(198,'2016-08-01 09:16:19',116,'Indun','Simda tidak bisa',5,'2016-08-02 09:10:32',1,'Call center'),(199,'2016-08-01 09:17:46',32,'dani (santel)','Internet tidak bisa',5,'2016-08-02 09:10:09',1,'Telepon'),(200,'2016-08-01 09:18:09',36,'-','Internet tidak bisa',5,'2016-08-02 09:09:32',1,'Telepon'),(201,'2016-08-01 10:50:02',87,'-','Simda tidak bisa',5,'2016-08-02 09:40:14',1,'Telepon'),(202,'2016-07-28 10:07:46',91,'Yayan S','Simda tidak konek',5,'2016-08-02 10:13:12',1,'Call center'),(203,'2016-07-28 10:09:42',3,'Junaidi','Simda tidak konek',5,'2016-08-02 10:38:49',1,'Call center'),(204,'2016-08-02 10:40:01',89,'Moch. Yusuf','Simda tidak konek',5,'2016-08-02 14:38:50',1,'Call center'),(205,'2016-08-04 09:03:20',84,'Lia Rinto','Simda tidak jalan',5,'2016-08-08 14:58:38',1,'Call center'),(206,'2016-08-04 09:04:23',18,'Moulin','Tidak dapat dhcp',5,'2016-08-08 14:58:12',1,'Telepon'),(207,'2016-08-05 09:05:15',37,'Miko','Simda tidak nyambung',5,'2016-08-08 14:57:42',1,'Telepon'),(208,'2016-08-05 13:51:53',41,'Sunarto','Simda tidak konek dan wifi mati',5,'2016-08-08 14:57:14',1,'Call center'),(209,'2016-08-09 15:15:58',6,'Dendy','Simda tidak konek',5,'2016-08-10 09:16:48',1,'Call center'),(210,'2016-08-15 09:57:13',26,'Yan Ari W','Simda mati',5,'2016-08-15 10:00:12',1,'Call center'),(211,'2016-08-18 08:58:20',64,'Moh. Rifai','Pindah tempat PC Simda',5,'2016-08-19 11:08:01',1,'Call center'),(212,'2016-08-18 08:59:52',75,'Wijayanto SW','Simda tidak bisa konek',5,'2016-08-19 11:08:26',1,'Call center'),(213,'2016-08-18 10:05:12',14,'Susilowati','Simda tidak konek',5,'2016-08-19 11:07:36',1,'Call center'),(214,'2016-08-19 10:51:13',37,'Masrur','Simda tidak konek',5,'2016-08-19 11:07:14',1,'Telepon'),(215,'2016-08-29 12:46:42',2,'qa','tdj konek',4,NULL,1,'Call center');

/*Table structure for table `tb_masalah_dtl` */

DROP TABLE IF EXISTS `tb_masalah_dtl`;

CREATE TABLE `tb_masalah_dtl` (
  `nomor` int(11) NOT NULL AUTO_INCREMENT,
  `id_masalah` int(11) NOT NULL,
  `masalah` text NOT NULL,
  `solusi` text NOT NULL,
  `tgl_repair` datetime NOT NULL,
  `id_user` int(3) NOT NULL,
  `team` varchar(160) DEFAULT NULL,
  PRIMARY KEY (`nomor`),
  KEY `FK_tb_masalah_dtl` (`id_masalah`),
  KEY `FK_tb_masalah_dtl2` (`id_user`),
  CONSTRAINT `FK_tb_masalah_dtl` FOREIGN KEY (`id_masalah`) REFERENCES `tb_masalah` (`id_masalah`) ON DELETE CASCADE ON UPDATE CASCADE,
  CONSTRAINT `FK_tb_masalah_dtl2` FOREIGN KEY (`id_user`) REFERENCES `tb_user` (`id`) ON DELETE NO ACTION ON UPDATE CASCADE
) ENGINE=InnoDB AUTO_INCREMENT=224 DEFAULT CHARSET=latin1;

/*Data for the table `tb_masalah_dtl` */

insert  into `tb_masalah_dtl`(`nomor`,`id_masalah`,`masalah`,`solusi`,`tgl_repair`,`id_user`,`team`) values (3,3,'Antena : perlu di pindah\r\n','Antena : belum bawah perlengkapan\r\n','2016-01-04 08:44:46',5,'Noris Ibrahim,Achmat Shiddiq'),(4,3,'Antena : perlu di pindah\r\n','Antena : re pointing\r\n','2016-01-06 08:45:49',5,'M.Irsyadul ibad,Achmat Shiddiq'),(5,4,'Switch : rusak\r\n','Switch : diganti baru\r\n','2016-01-05 08:50:47',5,'M.Irsyadul ibad,Achmat Shiddiq'),(6,5,'Switch : rusak\r\n','Switch : ganti baru\r\n','2016-01-14 10:13:08',5,'M.Irsyadul ibad,Achmat Shiddiq'),(7,6,'Kabel : kurang nancap\r\n','Kabel : ditancapkan\r\n','2016-01-14 10:14:41',5,'M.Irsyadul ibad,Achmat Shiddiq'),(8,6,'Kabel : lepas\r\n','Kabel : ditancapkan\r\n','2016-01-14 10:17:27',5,'M.Irsyadul ibad,Achmat Shiddiq'),(9,7,'Antena : rubah kena angin\r\n','Antena : repointing\r\n','2016-01-14 10:18:45',5,'M.Irsyadul ibad,Achmat Shiddiq'),(10,8,'Antena : kurang optimal\r\n','Antena : diganti baru (grid)\r\n','2016-01-14 10:25:33',5,'M.Irsyadul ibad,Achmat Shiddiq'),(11,9,'Lain-lain : poe rusak\r\n','Lain-lain : poe ganti baru\r\n','2016-01-14 10:31:00',5,'Achmat Shiddiq,Farid kurniawan'),(12,10,'POE/Adaptor : rusak\r\n','POE/Adaptor : ganti baru\r\n','2016-01-14 10:36:10',5,'M.Irsyadul ibad,Achmat Shiddiq'),(13,11,'Router : eror tidak bisa terdeteksi\r\n','Router : belum bawa\r\n','2016-01-14 10:39:22',5,'M.Irsyadul ibad,Achmat Shiddiq'),(14,11,'Router : rusak\r\n','Router : ganti baru\r\n','2016-01-14 10:39:52',5,'M.Irsyadul ibad,Farid kurniawan'),(15,12,'Lain-lain : ups mati\r\n','Lain-lain : dinyalakan\r\n','2016-01-14 10:51:59',5,'Achmat Shiddiq,Ahmad Fuad A '),(18,13,'POE/Adaptor : rusak\r\n','POE/Adaptor : ganti baru\r\n','2016-01-14 12:08:16',5,'Farid kurniawan,Ahmad Fuad A '),(19,14,'Antena : berubah sinyal jelek\r\n','Antena : repointing ke ap mojoroto\r\n','2016-01-15 12:11:23',10,'Achmat Shiddiq,Ahmad Fuad A '),(20,15,'Komputer : Kena Virus\r\n','Belum bawa perlengkapan\r\n','2016-01-21 10:43:53',4,'M.Irsyadul ibad,Achmat Shiddiq'),(21,15,'Komputer : Kena Virus\r\n','Komputer : Instal Ulang\r\n','2016-01-22 09:44:24',4,'M.Irsyadul ibad,Achmat Shiddiq'),(22,16,'Router : eror\r\n','Router : restrart\r\n','2016-01-21 10:45:05',4,'M.Irsyadul ibad,Achmat Shiddiq'),(23,17,'Switch : rusak\r\n','Switch : Ganti baru\r\n','2016-01-21 13:45:32',4,'Achmat Shiddiq,Moh.Faisal A.S'),(24,20,'Router : kemungkian rusak\r\n','Router : belum bawa\r\n','2016-01-26 15:15:21',4,'M.Irsyadul ibad,Achmat Shiddiq'),(25,20,'Kabel : rusak /putus\r\n','Kabel : disambung/dikasih spliter\r\n','2016-01-26 15:17:05',4,'Achmat Shiddiq,Moh.Faisal A.S'),(26,22,'Kabel : putus\r\n','Kabel : belum bawa\r\n','2016-01-26 15:18:42',4,'M.Irsyadul ibad,Achmat Shiddiq'),(27,22,'Kabel : putus\r\n','Kabel : ganti baru\r\n','2016-01-26 15:19:05',4,'M.Irsyadul ibad,Farid kurniawan'),(28,23,'Antena : terhalang pohon\r\n','Lain-lain : ganti minipci XR5\r\n\r\n','2016-01-27 13:05:24',4,'M.Irsyadul ibad,Achmat Shiddiq'),(29,24,'Kabel : kabel rusak\r\n','Kabel : ganti kabel \r\n','2016-01-28 13:28:46',4,'M.Irsyadul ibad,Farid kurniawan'),(30,25,'POE/Adaptor : POE Rusak\r\n','POE/Adaptor : Ganti POE','2016-01-29 09:54:45',4,'Farid kurniawan,Moh.Faisal A.S'),(31,26,'Lain-lain : Antena Relay kota Roboh\r\n','Lain-lain : Repointing\r\n','2016-02-01 09:01:41',4,'Achmat Shiddiq,Moh.Faisal A.S'),(32,26,'Antena : Rusak\r\nRouter : Rusak\r\n','Antena : Ganti baru\r\nRouter : Ganti baru\r\n','2016-02-03 10:02:29',4,'Achmat Shiddiq,Moh.Faisal A.S'),(33,27,'Lain-lain : Relay kota roboh','Lain-lain : Repointing\r\n','2016-02-01 11:08:31',4,'Achmat Shiddiq,Moh.Faisal A.S'),(34,28,'Lain-lain : Relay kota roboh','Lain-lain : Repointing\r\n','2016-02-01 09:13:09',4,'M.Irsyadul ibad,Farid Kurniawan'),(35,29,'Lain-lain : Relay kota roboh','Lain-lain : Repointing\r\n','2016-02-01 12:14:46',4,'M.Irsyadul ibad,Farid Kurniawan'),(36,30,'Lain-lain : Relay kota roboh','Lain-lain : Repointing\r\n','2016-02-02 08:17:23',4,'Achmat Shiddiq,Moh.Faisal A.S'),(37,31,'Lain-lain : Relay kota roboh\r\n','Lain-lain : Repointing\r\n','2016-02-02 08:23:12',4,'M.Irsyadul ibad,Farid Kurniawan'),(38,32,'Lain-lain : Relay kota roboh','Lain-lain : Repointing','2016-02-02 09:28:52',4,'Achmat Shiddiq,Moh.Faisal A.S'),(39,33,'Lain-lain : Relay kota roboh','Lain-lain : Repointing\r\n','2016-02-02 10:31:18',4,'M.Irsyadul ibad,Farid Kurniawan'),(40,34,'Lain-lain : Relay kota roboh','Lain-lain : Repointing','2016-02-02 11:33:52',4,'Achmat Shiddiq,Moh.Faisal A.S'),(42,35,'Lain-lain : Relay kota roboh\r\n\r\n','Lain-lain : Repointing\r\n','2016-02-02 12:52:39',4,'Achmat Shiddiq,Moh.Faisal A.S'),(43,36,'Lain-lain : Relay kota roboh\r\n\r\n','Lain-lain : Repointing\r\n','2016-02-02 12:55:50',4,'M.Irsyadul ibad,Farid Kurniawan'),(44,37,'Lain-lain : Internet tidak bisa\r\n','Lain-lain : restrat modem\r\n','2016-02-04 09:58:17',4,'M.Irsyadul ibad,Farid Kurniawan'),(45,38,'Lain-lain : Relay kota roboh\r\n\r\n','Lain-lain : Repointing\r\n','2016-02-04 10:01:10',4,'M.Irsyadul ibad,Farid Kurniawan'),(46,39,'Lain-lain : Relay kota roboh\r\n\r\n','Lain-lain : Repointing\r\n','2016-02-04 10:02:35',4,'M.Irsyadul ibad,Farid Kurniawan'),(47,40,'Lain-lain : Relay kota roboh\r\n','Lain-lain : Repointing\r\n\r\n','2016-02-04 10:03:58',4,'Achmat Shiddiq,Moh.Faisal A.S'),(48,41,'Lain-lain : \r\nkoneksi lambat','Lain-lain : \r\nre-pointing\r\n','2016-02-04 14:30:47',4,'M.Irsyadul ibad,Achmat Shiddiq'),(49,42,'Lain-lain : koneksi lemot\r\n','Lain-lain : re-pointing ke ap-pesantren\r\n','2016-02-05 12:07:37',4,'M.Irsyadul ibad,Achmat Shiddiq'),(50,44,'Lain-lain : koneksi lemot','Lain-lain : re-pointing ke p2ppdekota\r\n','2016-02-08 11:15:27',4,'M.Irsyadul ibad,Moh.Faisal A.S'),(51,45,'Lain-lain : \r\nip belum ter-register','Lain-lain : \r\nip di-register\r\n','2016-02-10 08:37:04',4,'M.Irsyadul ibad,Achmat Shiddiq'),(52,46,'Kabel : \r\nmembuat jalur baru lan','Kabel : \r\nmemasang lan','2016-02-10 08:40:13',4,'M.Irsyadul ibad,Achmat Shiddiq'),(53,47,'Antena : di pindah tempat\r\n','Antena : re-pointing\r\n','2016-02-11 12:02:52',4,'M.Irsyadul ibad,Achmat Shiddiq'),(54,52,'Salah meletakkan sambungan kabel dan POE/Adaptor : \r\n','POE/Adaptor : \r\nMemindah adaptor switch ke POE dan sebaliknya','2016-02-12 11:50:34',7,'M.Irsyadul ibad,Farid Kurniawan'),(55,53,'Wifi bermasalah  \r\n','Chek Router \r\n','2016-02-15 11:17:26',7,'M.Irsyadul ibad,Farid Kurniawan'),(56,54,'Wifi bermasalah \r\n','Ganti Router \r\n','2016-02-15 11:18:44',7,'M.Irsyadul ibad,Farid Kurniawan'),(57,51,'Switch : port rusak\r\n','Switch : pindah port\r\n','2016-02-15 14:05:02',7,'M.Irsyadul ibad,Moh.Faisal A.S'),(58,56,'Jaringan SIMDA error\r\n','Switch : Menancapkan kabel power \r\n','2016-02-16 10:25:09',7,'Achmat Shiddiq,Farid Kurniawan'),(59,57,'Switch : Mati/rusak \r\n','Penggantian switch dan set up\r\n','2016-02-16 14:49:42',7,'M.Irsyadul ibad,Moh.Faisal A.S'),(60,55,'SIMDA errorKabel : \r\n','Kabel : Penggantian\r\n','2016-02-16 14:50:42',7,'M.Irsyadul ibad,Moh.Faisal A.S,Achmat Shiddiq'),(61,58,'Lain-lain : Jaringan SIMDA terganggu (gangguan signal)','Lain-lain : Re-pointing dari rillay Kecamatan Mojoroto ke rillay Kecamatan Pesantren\r\n','2016-02-17 13:34:22',4,'M.Irsyadul ibad,Farid Kurniawan'),(62,59,'Lain-lain : Simda tidak berjalan\r\n\r\n','Router : Diarahkan ke riley lain\r\n','2016-02-18 12:19:37',12,'Noris Ibrahim,Moh.Faisal A.S'),(63,61,'Kabel : Putus (Dalam box terdapat air)\r\n','Estimasi kabel putus bagian atas','2016-02-19 07:51:07',7,'M.Irsyadul ibad,Farid Kurniawan'),(64,61,'Antena : tiang bengkok\r\nKabel : rusak\r\n','Antena : pasang baru\r\nKabel : ganti baru\r\n','2016-02-22 14:51:30',7,'M.Irsyadul ibad,Achmat Shiddiq'),(65,62,'POE/Adaptor : ketumpahan teh\r\n','POE/Adaptor : ganti baru\r\n','2016-02-22 14:52:08',7,'Farid Kurniawan,Moh.Faisal A.S'),(66,65,'Antena : signal kurang maksimal\r\nRouter : kurang maksimal\r\n','Antena : ganti baru\r\nRouter : ganti baru\r\n','2016-02-23 12:52:14',7,'M.Irsyadul ibad,Achmat Shiddiq'),(67,63,'Lain-lain : belum ter-register di ap mojoroto\r\n','Lain-lain : di register di ap mojoroto','2016-02-23 12:53:22',7,'M.Irsyadul ibad,Achmat Shiddiq'),(68,66,'Kabel : Memecah jaringan internet','Kabel : Memecah jaringan internet (telkom) ke 3 PC komputer dan 1 televisi kabel\r\n\r\n','2016-02-23 13:50:26',7,'Noris Ibrahim,Farid Kurniawan,Moh.Faisal A.S'),(69,64,'Simda sulit konek','Repointing dari Kec. Mojoroto ke Pemkot Kediri','2016-02-24 14:17:00',4,'M.Irsyadul ibad,Achmat Shiddiq'),(70,67,'Jaringan SIMDA error','Repointing Akses Point Timur ke Kecamatan Mojoroto','2016-02-24 14:20:31',4,'M.Irsyadul ibad,Achmat Shiddiq'),(71,68,'Kabel : Memecah jaringan \r\n','Menambah panjang kabel \r\n','2016-02-24 14:24:46',4,'M.Irsyadul ibad,Moh.Faisal A.S'),(72,69,'SIMDA tidak connect \r\n','POE/Adaptor : Penggantian adaptor \r\n','2016-02-29 14:01:17',4,'M.Irsyadul ibad,Achmat Shiddiq'),(73,70,'Perbaikan jaringan','Setting jaringan SIMDA','2016-02-29 14:04:33',4,'M.Irsyadul ibad,Achmat Shiddiq'),(74,71,'POE tidak nyala','Penggantian Radio dan Mini PCI','2016-03-03 07:50:57',4,'M.Irsyadul ibad,Achmat Shiddiq'),(75,72,'Lain-lain : penambahan kabel\r\n\r\nKabel : \r\n','Switch : pasang baru\r\nKabel :  pasang kabel','2016-03-07 09:26:59',7,'M.Irsyadul ibad,Achmat Shiddiq'),(76,73,'Router : rusak ether 1\r\n','Router : ganti baru\r\n','2016-03-07 09:27:45',7,'M.Irsyadul ibad,Achmat Shiddiq,Moh.Faisal A.S'),(77,74,'simda sering putus\r\n\r\n','Router : ganti rb435g dan xr5\r\nSwitch : tambah 2\r\n','2016-03-07 09:29:18',7,'M.Irsyadul ibad,Achmat Shiddiq'),(78,75,'Simda tidak konek','Membetulkan kabel power yang pemasangannya kurang tepat ','2016-03-07 12:37:56',7,'M.Irsyadul ibad,Achmat Shiddiq'),(80,76,'Lain-lain : simda tidak konek\r\n','Lain-lain : restart radio router\r\n','2016-03-07 14:44:15',7,'M.Irsyadul ibad,Achmat Shiddiq'),(81,77,'Simda tidak konek\r\n','Lain-lain : \r\nRestart komputer','2016-03-08 11:30:35',4,'M.Irsyadul ibad,Achmat Shiddiq,'),(82,78,'Jaringan wifi tidak konek','Mengganti router wifi','2016-03-08 11:31:59',4,'M.Irsyadul ibad,Achmat Shiddiq,'),(83,79,'Simda tidak konek\r\n','POE/Adaptor : Rusak ganti baru\r\n','2016-03-10 10:43:44',4,'M.Irsyadul ibad,Farid Kurniawan,'),(84,80,'Simda tidak konek\r\n','Lain-lain : Restart\r\n','2016-03-10 10:44:31',4,'M.Irsyadul ibad,Farid Kurniawan,'),(85,81,'POE/Adaptor : Simda tidak konek','POE/Adaptor : Mengganti adaptor baru\r\n','2016-03-14 09:31:49',7,'M.Irsyadul ibad,Achmat Shiddiq,'),(86,82,'Lain-lain : Simda tidak konek\r\n','Lain-lain : Ganti radio\r\n','2016-03-15 08:12:46',7,'M.Irsyadul ibad,Achmat Shiddiq,'),(87,83,'Lain-lain : Simda tidak konek\r\n','Lain-lain : Repointing\r\n','2016-03-15 08:15:33',7,'M.Irsyadul ibad,Achmat Shiddiq,'),(88,84,'Switch : power mati\r\n','Switch : dinyalakan\r\n','2016-03-15 09:34:09',7,'M.Irsyadul ibad,Moh.Faisal A.S'),(89,85,'Kabel : Sambungan kabel dan install simda\r\n','Kabel : Menambah jaringan dan install simda\r\n','2016-03-16 08:11:56',7,'M.Irsyadul ibad,Achmat Shiddiq,'),(90,87,'Lain-lain : Signal jelek ','Lain-lain : Repointing\r\n','2016-03-18 13:05:42',4,''),(91,92,'Lain-lain : Membagi jaringan\r\n','Lain-lain : Membagi jaringan Telkom ke dua PC\r\n','2016-03-18 13:07:29',4,''),(92,89,'Lain-lain : Signal terputus\r\n','Lain-lain : Setting ulang \r\n','2016-03-18 13:10:12',4,'M.Irsyadul ibad,Achmat Shiddiq,'),(93,92,'Lain-lain : Internet dari PDE ke komputer wakil wali kota signal lemah\r\n\r\n','Lain-lain : Membagi jaringan dari Telkom\r\n','2016-03-18 13:24:22',4,'M.Irsyadul ibad,Achmat Shiddiq,Farid Kurniawan,'),(94,88,'POE/Adaptor : POE tidak berfungsi\r\n','POE/Adaptor : Mengganti POE\r\n','2016-03-18 13:26:04',4,'M.Irsyadul ibad,Achmat Shiddiq,'),(95,93,'Lain-lain : Internet tidak konek','Lain-lain : Restart\r\n','2016-03-22 08:16:02',7,'Noris Ibrahim,Farid Kurniawan,'),(96,94,'Switch tidak nyala','Mengganti switch baru','2016-03-23 08:23:37',7,'M.Irsyadul ibad,Achmat Shiddiq,'),(97,95,'Jaringan intranet konek','Memindah jaringan rilay wlan 2 ke wlan 3 ','2016-03-23 08:25:19',7,'Achmat Shiddiq,Farid Kurniawan,'),(98,96,'Adaptor tidak berfungsi','Mengganti adaptor baru','2016-03-23 08:27:09',7,'Achmat Shiddiq,Farid Kurniawan'),(99,95,'Jaringan intranet tidak konek','Memindah jaringan rilay dari wlan 2 ke wlan 3','2016-03-23 08:32:43',7,'Achmat Shiddiq,Farid Kurniawan,'),(100,97,'Jaringan intranet tidak konek','Memindah jaringan rilay dari wlan 2 ke wlan 3','2016-03-23 08:35:32',7,'Achmat Shiddiq,Farid Kurniawan,'),(101,98,'Perbaikan jaringan ','Setting ulang','2016-03-23 08:36:29',7,'Achmat Shiddiq,'),(102,99,'Lain-lain : Jaringan terganggu','Lain-lain : Repointing\r\n','2016-03-28 14:40:12',7,'M.Irsyadul ibad,Achmat Shiddiq,'),(103,100,'Lain-lain : Jaringan terganggu\r\n','Lain-lain : Repointing\r\n','2016-03-28 14:41:12',7,'M.Irsyadul ibad,Achmat Shiddiq'),(104,101,'Lain-lain : Jaringan terganggu\r\n','Lain-lain : Repointing','2016-03-28 14:42:25',7,'M.Irsyadul ibad,Achmat Shiddiq,'),(105,102,'Lain-lain : Jaringan terganggu\r\n','Lain-lain : Repointing','2016-03-28 14:43:13',7,'M.Irsyadul ibad,Achmat Shiddiq,'),(106,103,'Lain-lain : Stop kontak kendor\r\n','Lain-lain : Menancapkan kembali stop kontak yang longgar\r\n','2016-03-28 14:44:50',7,'M.Irsyadul ibad,Achmat Shiddiq,'),(107,107,'Lain-lain : Signal tidak stabil \r\n','Lain-lain : Repointing\r\n','2016-03-31 08:16:00',7,'M.Irsyadul ibad,Moh.Faisal A.S,'),(108,106,'Lain-lain : Signal tidak stabil\r\n','Lain-lain : Repointing \r\n','2016-03-31 08:17:31',7,''),(109,105,'Kabel : Tambah jaringan\r\n','Kabel : Tambah kabel 15 Meter \r\n','2016-03-31 08:19:40',7,'M.Irsyadul ibad,Moh.Faisal A.S'),(110,109,'Router : tidak bisa nyala(rusak)\r\n','Pending\r\n','2016-04-01 13:21:52',4,'M.Irsyadul ibad,Farid Kurniawan'),(111,109,'Router : Router tidak nyala\r\n','Router : ganti baru\r\n','2016-04-04 13:23:04',4,'M.Irsyadul ibad,Achmat Shiddiq'),(112,108,'Lain-lain : Signal jelek\r\n','Lain-lain : Membuat relay baru di Tempurejo untuk destinasi antena Kelurahan Ketami\r\n','2016-04-06 15:03:40',7,'M.Irsyadul ibad,Achmat Shiddiq'),(113,111,'Kabel : tidak connect\r\n','Kabel : krimping ulang\r\n','2016-04-07 10:20:07',4,'M.Irsyadul ibad,Moh.Faisal A.S'),(114,113,'Antena : antena pemkot terkena petir\r\n','Antena : \r\nre-pointing','2016-04-07 13:32:12',4,'M.Irsyadul ibad,Farid Kurniawan,Moh.Faisal A.S'),(115,115,'Antena : Relay AP utara terkena petir\r\n','Antena : Re-pointing','2016-04-08 12:48:53',7,'Farid Kurniawan,Moh.Faisal A.S'),(116,116,'Antena : Simda tidak connnect','Antena : Re-Pointing\r\n','2016-04-08 12:56:18',7,'M.Irsyadul ibad,Achmat Shiddiq'),(117,112,'Antena : signal lemah\r\nLain-lain : jumper copot\r\n','Antena : ganti baru\r\nLain-lain : jumper ganti baru\r\n','2016-04-11 11:41:35',4,'M.Irsyadul ibad,Achmat Shiddiq,Farid Kurniawan'),(118,117,'Antena : riley terkena petir','Antena : re-pointing \r\n','2016-04-11 11:59:49',7,'M.Irsyadul ibad,Moh.Faisal A.S'),(119,114,'Antena : Tersambar petir\r\n','Antena : ganti baru\r\nRouter : ganti baru\r\nSwitch : ganti baru\r\nKabel : ganti baru','2016-04-11 16:54:18',7,'M.Irsyadul ibad,Achmat Shiddiq,Farid Kurniawan,Moh.Faisal A.S'),(120,118,'Lain-lain :  AP organisasi bermasalah\r\n','Lain-lain : menunggu AP\r\n','2016-04-12 09:07:34',6,'Noris Ibrahim,Achmat Shiddiq'),(121,119,'Lain-lain : AP bermasalah\r\n','Lain-lain : sementara untuk simda mengambil akses wifi dari kesra\r\n','2016-04-12 09:08:53',6,'Noris Ibrahim,Achmat Shiddiq'),(122,110,'AP utara mati kena petir ','Mengganti radio','2016-04-13 07:57:06',7,'M.Irsyadul ibad,Achmat Shiddiq'),(123,118,'Lain-lain : Ap organisasi bermasalah\r\n','Lain-lain : Ganti pakai switch\r\n','2016-04-13 12:06:18',7,'M.Irsyadul ibad,Achmat Shiddiq'),(124,120,'Router : Mulai lemah\r\n','Router : ganti yang baru\r\n','2016-04-13 12:07:09',7,'M.Irsyadul ibad,Achmat Shiddiq,Farid Kurniawan,Moh.Faisal A.S'),(125,123,'Lain-lain : Ap rusak\r\n','Lain-lain : Ganti baru\r\n','2016-04-13 12:09:15',7,'M.Irsyadul ibad,Moh.Faisal A.S'),(126,121,'Lain-lain : Tersambar Petir','Lain-lain : Instalasi baru','2016-04-13 12:10:41',7,'M.Irsyadul ibad,Achmat Shiddiq,Farid Kurniawan,Moh.Faisal A.S'),(127,122,'Router : mulai lemah\r\n','Router : restart\r\n','2016-04-13 12:13:12',7,'Noris Ibrahim,Moh.Faisal A.S'),(128,125,'Lain-lain : Relay AP utara tersambar petir\r\n','Lain-lain : Repointing\r\n','2016-04-13 12:14:40',7,'M.Irsyadul ibad,Farid Kurniawan'),(129,124,'Lain-lain : Relay AP utara tersambar petir','Lain-lain : Repointing\r\n','2016-04-13 12:15:03',7,'M.Irsyadul ibad,Farid Kurniawan'),(130,126,'Komputer : Tidak mendapat IP\r\n','Komputer : Restart network\r\n','2016-04-13 12:18:40',7,'Noris Ibrahim,Moh.Faisal A.S'),(131,128,'POE/Adaptor : rusak\r\n','POE/Adaptor : ganti baru\r\n','2016-04-15 11:30:41',4,'M.Irsyadul ibad,Farid Kurniawan'),(132,129,'POE/Adaptor : rusak\r\n','POE/Adaptor : ganti baru\r\n','2016-04-18 09:36:55',4,'M.Irsyadul ibad,Farid Kurniawan'),(133,127,'Lain-lain : load tinggi\r\n','Lain-lain : sudah terpantau bisa\r\n','2016-04-20 08:18:25',7,''),(134,130,'Komputer : network lan disable\r\n','Komputer : network lan di enable\r\n','2016-04-21 14:55:08',4,'M.Irsyadul ibad,Moh.Faisal A.S'),(135,131,'Lain-lain : pemasangan jaringan\r\n','Lain-lain : instalasi jaringan baru\r\n','2016-04-26 14:44:32',4,'M.Irsyadul ibad,Farid Kurniawan'),(136,132,'Lain-lain : minta pembenahan jaringan\r\n','Lain-lain : instalasi jaringan baru\r\n','2016-04-29 07:58:46',4,'M.Irsyadul ibad,Moh.Faisal A.S'),(137,134,'Kabel : tidak mendapat akses jaringan\r\n','Kabel : tracing kabel dari perpus ke sumber (tools masih dibawa ke lapangan)\r\n','2016-05-02 11:46:33',3,'Noris Ibrahim,Achmat Shiddiq'),(138,134,'Kabel : kabel tidak sambung\r\n','Kabel : ganti kabel pde - perpus\r\n','2016-05-02 14:21:49',4,'M.Irsyadul ibad,Farid Kurniawan,'),(139,133,'Kabel : kurang nancap\r\n','Kabel : ditancapkan\r\n','2016-05-02 14:33:56',7,'M.Irsyadul ibad,Moh.Faisal A.S'),(140,135,'Lain-lain : server mati','Lain-lain : restart server simda\r\n','2016-05-03 12:18:09',3,'Noris Ibrahim,M.Irsyadul ibad,'),(141,137,'Router : tidak stabil\r\n','Router : repointing ke ap pesantren\r\n','2016-05-10 12:53:18',4,'M.Irsyadul ibad,Achmat Shiddiq'),(142,136,'Router : tidak stabil\r\n','Router : repointing \r\n','2016-05-10 12:54:01',4,'M.Irsyadul ibad,Achmat Shiddiq'),(143,141,'Switch : kabel power kurang nancap\r\n','Switch : menancapkan kabel\r\n','2016-05-12 09:08:51',7,'Noris Ibrahim,'),(144,138,'Lain-lain : Simda tidak konek\r\n','Lain-lain : Setting\r\n','2016-05-13 08:36:50',7,'M.Irsyadul ibad,Achmat Shiddiq,'),(145,139,'Lain-lain : Simda Tidak Konek','Lain-lain : Setting\r\n','2016-05-13 08:38:44',7,'M.Irsyadul ibad,Achmat Shiddiq,'),(146,140,'Simda tidak konek','Repointing','2016-05-23 09:58:48',7,'M.Irsyadul ibad,Achmat Shiddiq,'),(147,140,'Simda tidak konek','Repointing','2016-05-23 10:03:52',7,'M.Irsyadul ibad,Achmat Shiddiq,'),(148,142,'Simda tidak konek','Repointing','2016-05-23 10:05:13',7,'M.Irsyadul ibad,Achmat Shiddiq,'),(149,143,'Simda tidak konek','Repointing','2016-05-23 10:06:21',7,'M.Irsyadul ibad,Achmat Shiddiq,'),(150,147,'Minta jaringan di GOW','Tambah kabel ambil dari Humas','2016-05-23 10:10:44',7,'Achmat Shiddiq,Farid Kurniawan,'),(151,144,'Simda tidak konek','Setting ','2016-05-23 10:11:30',7,'Noris Ibrahim,M.Irsyadul ibad,'),(152,146,'Simda tidak konek','Setting','2016-05-23 10:12:21',7,'M.Irsyadul ibad,Achmat Shiddiq,'),(153,145,'Simda tidak konek','Setting','2016-05-23 10:13:00',7,'M.Irsyadul ibad,Achmat Shiddiq,'),(154,148,'Tidak ada signal','Setting','2016-05-25 13:56:44',7,'M.Irsyadul ibad,Achmat Shiddiq,'),(155,151,'Tidak dapat signal','Repointing','2016-05-25 14:38:49',7,'M.Irsyadul ibad,Achmat Shiddiq,'),(156,149,'IP Konflik','Settting','2016-05-25 14:39:38',7,'M.Irsyadul ibad,Achmat Shiddiq,'),(157,152,'Router : signal tidak stabil\r\n','Router : restart\r\n','2016-05-31 10:47:23',4,''),(158,155,'listrik down','ditangani bagian umum','2016-06-01 08:21:44',3,''),(159,155,'mcb listrik bag pde lemah','ditangani bagian umum','2016-06-01 08:35:48',3,''),(160,154,'Switch : kabel dari poe tidak menancap ke switch\r\n','Switch : menancapkan kabel dari poe ke switch\r\n','2016-06-01 10:39:10',12,'Farid Kurniawan,Moh.Faisal A.S,'),(161,157,'Komputer : tidak bisa konek\r\n','Komputer : restart + crimping ulang kabel utp\r\n','2016-06-01 14:33:45',3,'Noris Ibrahim,Moh.Faisal A.S,'),(162,158,'Kabel : putus\r\n','Kabel : tester\r\n','2016-06-01 14:35:15',3,'Noris Ibrahim,Moh.Faisal A.S,'),(163,156,'Lain-lain : Simda tidak konek','Lain-lain : Ganti radio\r\n','2016-06-02 08:12:45',7,'M.Irsyadul ibad,Achmat Shiddiq,'),(164,153,'Lain-lain : simda tidak bisa konek\r\n','Lain-lain : ganti radio dan kabel\r\n','2016-06-02 08:40:24',4,'M.Irsyadul ibad,Achmat Shiddiq,Farid Kurniawan,'),(165,153,'Lain-lain : simda tidak bisa konek\r\n','Lain-lain : ganti radio dan kabel\r\n','2016-06-02 08:41:54',7,'M.Irsyadul ibad,Achmat Shiddiq,Farid Kurniawan,'),(166,158,'Kabel : jaringan tidak tersambung\r\n','Kabel : restart network driver computer + cable cutting\r\n','2016-06-02 12:55:25',4,'Noris Ibrahim,Farid Kurniawan,Moh.Faisal A.S,'),(167,160,'Switch : rusak\r\n','Switch : ganti\r\n','2016-06-02 13:02:57',12,'M.Irsyadul ibad,Achmat Shiddiq,'),(168,162,'Lain-lain : relay capil mati lampu\n','Lain-lain : tunggu relay nyala','2016-06-02 13:03:28',12,''),(169,163,'Lain-lain : Simda tidak konek\r\n','Lain-lain : Ganti sambungan kabel\r\n','2016-06-09 08:48:23',7,'M.Irsyadul ibad,Achmat Shiddiq,'),(170,161,'Lain-lain : Simda tidak konek\r\n','Lain-lain : Setting Network\r\n','2016-06-14 09:13:33',7,'M.Irsyadul ibad,Achmat Shiddiq,'),(171,167,'POE/Adaptor : Simda tidak konek\r\n','POE/Adaptor : Ganti POE\r\n','2016-06-14 09:14:38',7,'M.Irsyadul ibad,Achmat Shiddiq,'),(172,166,'Lain-lain : Jaringan tidak konek\r\n','Lain-lain : Setting AP\r\n','2016-06-14 09:15:30',7,'M.Irsyadul ibad,Achmat Shiddiq,'),(173,165,'Switch : Jaringan bermasalah\r\n','Switch : Ganti Switch\r\n','2016-06-14 09:17:34',7,'M.Irsyadul ibad,Achmat Shiddiq,'),(174,171,'Lain-lain : Simda tidak konek\r\n','Lain-lain : Repointing\r\n','2016-06-15 12:29:21',7,'M.Irsyadul ibad,Achmat Shiddiq,'),(175,170,'Lain-lain : Simda tidak konek\r\n','Lain-lain : Repointing\r\n','2016-06-15 12:30:03',7,'M.Irsyadul ibad,Achmat Shiddiq,'),(176,169,'Lain-lain : Simda tidak konek\r\n','Lain-lain : Mengembalikan kabel salah tancap\r\n','2016-06-15 12:31:05',7,'M.Irsyadul ibad,Achmat Shiddiq,'),(177,168,'Lain-lain : Simda tidak konek\r\n','Lain-lain : Repointing\r\n','2016-06-15 12:32:29',7,'M.Irsyadul ibad,Achmat Shiddiq,'),(178,177,'Lain-lain : Server jaringan bermasalah \r\n','Lain-lain : Restart server\r\n','2016-06-17 08:40:50',7,'Noris Ibrahim,M.Irsyadul ibad,Achmat Shiddiq,'),(179,176,'Lain-lain : Server jaringan bermasalah\r\n','Lain-lain : Restart server\r\n','2016-06-17 08:41:42',7,'Noris Ibrahim,M.Irsyadul ibad,Achmat Shiddiq,'),(180,175,'Lain-lain : Server jaringan bermasalah\r\n','Lain-lain : Restart server\r\n','2016-06-17 08:42:31',7,'M.Irsyadul ibad,'),(181,174,'Lain-lain : Server jaringan bermasalah\r\n','Lain-lain : Restart server\r\n','2016-06-17 08:43:06',7,'Achmat Shiddiq,'),(182,173,'Lain-lain : Server jaringan bermasalah\r\n','Lain-lain : Restart server\r\n','2016-06-17 08:43:37',7,'Achmat Shiddiq,'),(183,172,'Kabel : Jaringan tidak konek\r\n','Kabel : Tambah kabel\r\n','2016-06-17 08:44:43',7,'M.Irsyadul ibad,Achmat Shiddiq,'),(184,181,'Lain-lain : relay capil mati\r\n','Lain-lain : reconfig AP Capil di dispenduk\r\n','2016-06-24 11:07:35',7,'M.Irsyadul ibad,Achmat Shiddiq,'),(185,179,'Lain-lain : relay capil mati\r\n','Lain-lain : reconfig AP Capil di dispenduk\r\n','2016-06-24 11:08:04',7,'M.Irsyadul ibad,Achmat Shiddiq,'),(186,178,'Lain-lain : relay capil mati\r\n','Lain-lain : reconfig AP Capil di dispenduk\r\n','2016-06-24 11:08:25',7,'M.Irsyadul ibad,Achmat Shiddiq,'),(187,182,'Router : banyak koneksi di router\r\n','Router : restart router\r\n','2016-06-24 11:10:06',7,''),(188,184,'Lain-lain : tidak ada masalah\r\n','Lain-lain : bisa sendiri\r\n','2016-06-24 11:30:07',3,''),(189,180,'Radio terkena petir','Ganti radio ','2016-06-24 12:51:15',7,'M.Irsyadul ibad,Achmat Shiddiq,'),(190,186,'Lain-lain : Simda tidak konek\r\n','Lain-lain : Repointing\r\n','2016-06-24 13:58:04',7,'M.Irsyadul ibad,Achmat Shiddiq,'),(191,187,'Lain-lain : Simda tidak konek\r\n','Lain-lain : Ganti POE\r\n','2016-06-24 13:58:43',7,'M.Irsyadul ibad,Achmat Shiddiq,'),(192,188,'Simda tidak konek','Repointing','2016-06-27 14:11:54',7,'M.Irsyadul ibad,Achmat Shiddiq,Moh.Faisal A.S,'),(193,189,'Switch : Switch rusak\r\n','Switch : Konektivitas dilangsung tanpa switch \r\n','2016-06-27 14:18:48',7,'M.Irsyadul ibad,Achmat Shiddiq,Moh.Faisal A.S,'),(194,192,'POE/Adaptor : Simda tidak konek\r\n','POE/Adaptor : Ganti POE\r\n','2016-07-15 10:16:33',7,'M.Irsyadul ibad,Moh.Faisal A.S,'),(195,193,'Lain-lain : Jaringan intranet tidak\r\n','Lain-lain : Line langsung tanpa UPS\r\n','2016-07-15 10:20:38',7,'M.Irsyadul ibad,Moh.Faisal A.S,'),(196,183,'Lain-lain : Simda tidak konek\r\n','Lain-lain : Setting ulang jaringan\r\n','2016-07-15 10:36:17',7,'M.Irsyadul ibad,Achmat Shiddiq,'),(197,185,'Lain-lain : Simda tidak konek\r\n','Lain-lain : Setting ulang \r\n','2016-07-15 10:36:50',7,'M.Irsyadul ibad,Achmat Shiddiq,'),(198,190,'Lain-lain : Simda tidak konek\r\n','Lain-lain : Pindah port switch\r\n','2016-07-15 10:38:39',7,'M.Irsyadul ibad,Moh.Faisal A.S,'),(199,191,'Lain-lain : Internet gak konek\r\n','Lain-lain : Pindah dan tancapkan port\r\n','2016-07-15 10:42:45',7,'M.Irsyadul ibad,Moh.Faisal A.S,'),(200,194,'Antena : signal jelek\r\n','Antena : pointing (antena solid, signal susah didapat)\r\n','2016-07-26 10:50:31',4,'Farid Kurniawan,Moh.Faisal A.S,'),(201,195,'Antena : signal jelek\r\n','Antena : pointing\r\n','2016-07-26 10:51:59',4,'M.Irsyadul ibad,Achmat Shiddiq,'),(202,196,'Antena : tidak bisa pointing','Antena : re-pointing\r\n','2016-07-26 12:39:05',4,'M.Irsyadul ibad,Achmat Shiddiq,'),(203,194,'Antena : tidak bisa pointing\r\n','Antena : re-pointing \r\n','2016-07-26 12:40:17',4,'M.Irsyadul ibad,Achmat Shiddiq,'),(204,197,'Relay Capil Mati karena Pemadaman dari PLN','menunggu sampai am 2 (konfirmasi dari pln melalui capil)','2016-07-28 10:18:00',3,''),(205,199,'Internet RTO','Restart modem speedy','2016-08-01 09:19:32',3,''),(207,200,'Internet tidak bisa','Restart modem speedy','2016-08-01 11:11:29',3,''),(208,198,'POE tidak nyala','Menancapkan kabel power POE','2016-08-01 11:16:09',3,'M.Irsyadul ibad,Achmat Shiddiq,'),(209,201,'Lain-lain : Setelah ada pemadaman lampu Simda tidak konek. Pemasangan stop kontak tidak tepat\r\n','Lain-lain : Mengembalikan stop kontak pada posisi yang tepat\r\n','2016-08-02 09:33:04',7,'M.Irsyadul ibad,Achmat Shiddiq,Farid Kurniawan,'),(210,202,'POE/Adaptor : POE mati\r\n','POE/Adaptor : Penggantian POE baru\r\n','2016-08-02 10:11:49',7,'M.Irsyadul ibad,Achmat Shiddiq,'),(211,203,'Lain-lain : Signal tidak setabil\r\n','Lain-lain : Repointing\r\n','2016-08-02 10:38:11',7,'M.Irsyadul ibad,Achmat Shiddiq,'),(212,204,'Lain-lain : Aplikasi Simda rusak\r\n','Lain-lain : Setting Network dan Re install Simda\r\n','2016-08-02 14:38:07',7,'M.Irsyadul ibad,Achmat Shiddiq,'),(213,205,'Antena : Signal kurang bagus\r\n','Antena : Ganti antena \r\n','2016-08-08 14:42:34',7,'M.Irsyadul ibad,Achmat Shiddiq,Moh.Faisal A.S,'),(214,208,'Simda bermasalah dan wifi ada gangguan masal dari Telkom','Reset dan setting ulang','2016-08-08 14:45:15',7,'Achmat Shiddiq,Farid Kurniawan,'),(215,207,'Lain-lain : Simda tidak bisa digunakan\r\n','Lain-lain : Reset\r\n','2016-08-08 14:54:52',7,'Noris Ibrahim,Moh.Faisal A.S,'),(216,206,'Lain-lain : Tidak dapat dhcp\r\n','Lain-lain : Setting ulang\r\n','2016-08-08 14:56:45',7,'Noris Ibrahim,Moh.Faisal A.S,'),(217,209,'Lain-lain : Radio mati\r\n','Lain-lain : Ganti radio baru dan ganti kabel line','2016-08-10 09:14:58',7,'M.Irsyadul ibad,Achmat Shiddiq,Farid Kurniawan,Moh.Faisal A.S,'),(218,210,'Lain-lain : Simda tidak bisa dibuka\r\n','Lain-lain : Ganti Mini PCI\r\n','2016-08-15 09:59:50',7,'M.Irsyadul ibad,Farid Kurniawan,Moh.Faisal A.S,'),(219,211,'Kabel : Kantor dibongkar pindah PC untuk Simda\r\n','Kabel : Pindah PC dan Antena\r\n','2016-08-19 11:02:30',7,'M.Irsyadul ibad,Achmat Shiddiq,Farid Kurniawan,'),(220,212,'POE/Adaptor : Adaptor mati Simda tidak konek\r\n','POE/Adaptor : Ganti adaptor\r\n','2016-08-19 11:04:06',7,'M.Irsyadul ibad,Achmat Shiddiq,Farid Kurniawan,'),(221,213,'Lain-lain : Simda tidak bisa digunakan\r\n','Lain-lain : Mengembalikan kabel line salah letak\r\n','2016-08-19 11:05:47',7,'M.Irsyadul ibad,Achmat Shiddiq,Farid Kurniawan,'),(222,214,'Lain-lain : Simda tidak dapat dibuka\r\n','Lain-lain : Setting Ulang\r\n','2016-08-19 11:06:51',7,'M.Irsyadul ibad,Farid Kurniawan,'),(223,215,'a : \r\n','a : \r\n','2016-09-01 12:37:07',3,'Farid Kurniawan,');

/*Table structure for table `tb_perangkat` */

DROP TABLE IF EXISTS `tb_perangkat`;

CREATE TABLE `tb_perangkat` (
  `id_perangkat` int(2) NOT NULL AUTO_INCREMENT,
  `nama_perangkat` varchar(50) NOT NULL,
  PRIMARY KEY (`id_perangkat`)
) ENGINE=InnoDB AUTO_INCREMENT=8 DEFAULT CHARSET=latin1;

/*Data for the table `tb_perangkat` */

insert  into `tb_perangkat`(`id_perangkat`,`nama_perangkat`) values (1,'Antena'),(2,'Router'),(3,'Switch'),(4,'Kabel'),(5,'POE/Adaptor'),(6,'Komputer'),(7,'Lain-lain');

/*Table structure for table `tb_rekanan` */

DROP TABLE IF EXISTS `tb_rekanan`;

CREATE TABLE `tb_rekanan` (
  `id` int(3) NOT NULL AUTO_INCREMENT,
  `nama` varchar(32) NOT NULL,
  `anggota` text,
  `alamat` varchar(255) DEFAULT NULL,
  `telp` char(16) DEFAULT NULL,
  PRIMARY KEY (`id`)
) ENGINE=InnoDB DEFAULT CHARSET=latin1;

/*Data for the table `tb_rekanan` */

/*Table structure for table `tb_status` */

DROP TABLE IF EXISTS `tb_status`;

CREATE TABLE `tb_status` (
  `id_status` int(1) NOT NULL,
  `nm_status` varchar(64) NOT NULL,
  PRIMARY KEY (`id_status`)
) ENGINE=InnoDB DEFAULT CHARSET=latin1;

/*Data for the table `tb_status` */

insert  into `tb_status`(`id_status`,`nm_status`) values (1,'belum dikerjakan'),(2,'proses'),(3,'pending'),(4,'selesai'),(5,'fix');

/*Table structure for table `tb_user` */

DROP TABLE IF EXISTS `tb_user`;

CREATE TABLE `tb_user` (
  `id` int(3) NOT NULL AUTO_INCREMENT,
  `nama` varchar(50) NOT NULL,
  `alamat` text NOT NULL,
  `telp` char(14) NOT NULL,
  `username` varchar(32) NOT NULL,
  `password` varchar(255) NOT NULL,
  `status` enum('1','0') NOT NULL,
  `level` varchar(1) NOT NULL,
  `ket` text,
  PRIMARY KEY (`id`)
) ENGINE=InnoDB AUTO_INCREMENT=15 DEFAULT CHARSET=latin1;

/*Data for the table `tb_user` */

insert  into `tb_user`(`id`,`nama`,`alamat`,`telp`,`username`,`password`,`status`,`level`,`ket`) values (1,'Farid Kurniawan','kediri','+62','admin','21232f297a57a5a743894a0e4a801fc3','1','1',NULL),(2,'Drs. Tri Krisminarko, MM','kediri','+62','pimpinan','c81e728d9d4c2f636f067f89cc14862c','1','2','-'),(3,'Noris Ibrahim','kediri','+62','noris','c4ca4238a0b923820dcc509a6f75849b','1','3','-'),(4,'M.Irsyadul ibad','kediri','+62','ibad','21232f297a57a5a743894a0e4a801fc3','1','3','-'),(5,'Galih Robi A','kediri','+62','galih','21232f297a57a5a743894a0e4a801fc3','1','3','-'),(6,'Achmat Shiddiq','kediri','+62','sidiq','21232f297a57a5a743894a0e4a801fc3','1','3','-'),(7,'Farid Kurniawan','kediri','+62','farid','21232f297a57a5a743894a0e4a801fc3','1','3','-'),(8,'rekanan','dr','+62','-','d41d8cd98f00b204e9800998ecf8427e','0','3',' '),(10,'Joko Sulistyawan','kediri','+62','joko','c4ca4238a0b923820dcc509a6f75849b','1','1','-'),(11,'Ahmad Fuad A ','kediri','+62','fuad','21232f297a57a5a743894a0e4a801fc3','1','3','-'),(12,'Moh.Faisal A.S','kediri','+62','faisal','21232f297a57a5a743894a0e4a801fc3','1','3','- '),(13,'Sapto Handoyo Setiyono','Bagian PDE','+6281359050973','telematika','21232f297a57a5a743894a0e4a801fc3','1','2','Kasubag Telematika'),(14,'Al Qusnul Zhuhri','Blitar','62','bangyuri','21232f297a57a5a743894a0e4a801fc3','1','3','  ');

/*Table structure for table `v_tbmasalah` */

DROP TABLE IF EXISTS `v_tbmasalah`;

/*!50001 DROP VIEW IF EXISTS `v_tbmasalah` */;
/*!50001 DROP TABLE IF EXISTS `v_tbmasalah` */;

/*!50001 CREATE TABLE  `v_tbmasalah`(
 `id_ins` int(3) ,
 `nm_ins` varchar(160) ,
 `almt_ins` varchar(255) ,
 `telp_ins` char(32) ,
 `id_status` int(1) ,
 `nm_status` varchar(64) ,
 `id_masalah` int(11) ,
 `tgl_lapor` datetime ,
 `nama_pelapor` varchar(32) ,
 `keterangan` text ,
 `tgl_fix` datetime ,
 `admin` varchar(50) ,
 `nomor` int(11) ,
 `masalah` text ,
 `solusi` text ,
 `tgl_repair` datetime ,
 `teknisi` varchar(50) ,
 `team` varchar(160) 
)*/;

/*View structure for view v_tbmasalah */

/*!50001 DROP TABLE IF EXISTS `v_tbmasalah` */;
/*!50001 DROP VIEW IF EXISTS `v_tbmasalah` */;

/*!50001 CREATE ALGORITHM=UNDEFINED DEFINER=`root`@`localhost` SQL SECURITY DEFINER VIEW `v_tbmasalah` AS select `i`.`id_ins` AS `id_ins`,`i`.`nm_ins` AS `nm_ins`,`i`.`almt_ins` AS `almt_ins`,`i`.`telp_ins` AS `telp_ins`,`s`.`id_status` AS `id_status`,`s`.`nm_status` AS `nm_status`,`m`.`id_masalah` AS `id_masalah`,`m`.`tgl_lapor` AS `tgl_lapor`,`m`.`nama_pelapor` AS `nama_pelapor`,`m`.`keterangan` AS `keterangan`,`m`.`tgl_fix` AS `tgl_fix`,`u`.`nama` AS `admin`,`d`.`nomor` AS `nomor`,`d`.`masalah` AS `masalah`,`d`.`solusi` AS `solusi`,`d`.`tgl_repair` AS `tgl_repair`,`u2`.`nama` AS `teknisi`,`d`.`team` AS `team` from (((((`tb_masalah` `m` left join `tb_masalah_dtl` `d` on((`m`.`id_masalah` = `d`.`id_masalah`))) left join `tb_status` `s` on((`s`.`id_status` = `m`.`id_status`))) left join `tb_instansi` `i` on((`i`.`id_ins` = `m`.`id_ins`))) left join `tb_user` `u` on((`u`.`id` = `m`.`penerima`))) left join `tb_user` `u2` on((`u2`.`id` = `d`.`id_user`))) */;

/*!40101 SET SQL_MODE=@OLD_SQL_MODE */;
/*!40014 SET FOREIGN_KEY_CHECKS=@OLD_FOREIGN_KEY_CHECKS */;
/*!40014 SET UNIQUE_CHECKS=@OLD_UNIQUE_CHECKS */;
/*!40111 SET SQL_NOTES=@OLD_SQL_NOTES */;
